{
    "theme": {
        "body": {
            "backgroundColor": "rgba(214, 51, 58, 1)",
            "image": "",
            "imageAttachment": "scroll",
            "imagePosition": "top center",
            "imageRepeat": "no-repeat",
            "imageSize": "auto",
            "toTopbackgroundColor": "rgba(33, 34, 35, .8)",
            "toTopColor": "rgba(255, 255, 255, 1)"
        },
        "footer": {
            "backgroundColor": "rgba(146, 52, 101, 1)",
            "copyrightAlign": "right",
            "height": "5px",
            "loginLink": "1",
            "margin": true,
            "position": "site",
            "fixed": false,
            "socialsAlign": "center",
            "text": "<p>Pied de page personnalis\u0026eacute;<\/p>",
            "textAlign": "left",
            "textColor": "rgba(182, 212, 108, 1)",
            "copyrightPosition": "right",
            "textPosition": "left",
            "socialsPosition": "hide",
            "textTransform": "none",
            "font": "cooper-hewitt",
            "fontSize": "1em",
            "fontWeight": "normal",
            "displayVersion": true,
            "displaySiteMap": true,
            "displayCopyright": false,
            "displayCookie": true,
            "displayLegal": false,
            "displaySearch": false,
            "displayMemberBar": false,
            "template": "3"
        },
        "header": {
            "backgroundColor": "rgba(214, 51, 58, 1)",
            "font": "comic-neue",
            "fontSize": "2em",
            "fontWeight": "normal",
            "heightSelect": "unset",
            "wide": "container",
            "image": "theme\/defaut\/banniere_1500x200.jpg",
            "imagePosition": "center center",
            "imageRepeat": "no-repeat",
            "margin": false,
            "position": "site",
            "textAlign": "center",
            "textColor": "rgba(255, 255, 255, 1)",
            "textHide": false,
            "textTransform": "none",
            "linkHomePage": true,
            "imageContainer": "100% 100%",
            "tinyHidden": true,
            "feature": "swiper",
            "featureContent": "<p>Banni\u0026egrave;re vide<\/p>",
            "homePageOnly": false,
            "swiperImagesDir": "site\/file\/source\/banniere_animee",
            "swiperContent": "<div id=\"headerSwiper\"><div class=\"swiper mySwiper\"><div class=\"swiper-wrapper\"><div class=\"swiper-slide\"><img src=\".\/site\/file\/source\/banniere_animee\/a.jpg\" alt=\"\" ><\/div><div class=\"swiper-slide\"><img src=\".\/site\/file\/source\/banniere_animee\/b.jpg\" alt=\"\" ><\/div><div class=\"swiper-slide\"><img src=\".\/site\/file\/source\/banniere_animee\/c.jpg\" alt=\"\" ><\/div><\/div><\/div><\/div><script> var swiperBanner = new Swiper(\".mySwiper\", { effect: \"fade\",loop: true,autoplay: {delay: 3000, reverseDirection: false, },speed: 1000, });<\/script>",
            "swiperEffects": "fade",
            "swiperDirection": false,
            "swiperTime": "3000",
            "swiperTransition": "1000",
            "height": "unset"
        },
        "menu": {
            "backgroundColor": "rgba(32, 59, 82, 1)",
            "backgroundColorSub": "rgba(32, 59, 82, 0.85)",
            "font": "cooper-hewitt",
            "fontSize": "1.1em",
            "fontWeight": "normal",
            "height": "15px 10px",
            "wide": "container",
            "loginLink": false,
            "margin": false,
            "position": "site-second",
            "textAlign": "left",
            "textColor": "rgba(188, 212, 108, 1)",
            "textTransform": "none",
            "fixed": false,
            "activeColorAuto": true,
            "activeColor": "rgba(255, 255, 255, 1)",
            "activeTextColor": "rgba(223, 230, 202, 1)",
            "radius": "0px",
            "burgerTitle": false,
            "memberBar": true,
            "burgerIcon1": "icones\/home_orange.png",
            "burgerIcon2": "",
            "burgerContent": "oneIcon",
            "burgerTextColor": "rgba(246, 174, 16, 1)",
            "burgerFontSize": "1.5em",
            "minWidthTab": "auto",
            "minWidthParentOrAll": false,
            "burgerFixed": false,
            "burgerIconColor": "rgba(200, 248, 9, 1)",
            "burgerIconBgColor": "rgba(32, 59, 82, 1)",
            "burgerBannerColor": "rgba(32, 59, 82, 1)",
            "burgerTextMenuColor": "rgba(188, 212, 108, 1)",
            "burgerActiveTextColor": "rgba(223, 230, 202, 1)",
            "burgerBackgroundColor": "rgba(32, 59, 82, 1)",
            "burgerActiveColorAuto": true,
            "burgerActiveColor": "",
            "burgerBackgroundColorSub": "rgba(32, 59, 82, 0.85)",
            "burgerIconLink1": "accueil",
            "burgerIconLink2": "accueil",
            "burgerOverlay": false
        },
        "site": {
            "backgroundColor": "rgba(223, 230, 202, 1)",
            "radius": "0px",
            "shadow": "0px 0px 0px",
            "width": "85vw",
            "margin": true
        },
        "block": {
            "backgroundColor": "rgba(210, 235, 220, 1)",
            "borderColor": "rgba(146, 52, 101, 1)",
            "backgroundTitleColor": "rgba(159, 165, 139, 1)",
            "blockBorderRadius": "5px",
            "blockBorderShadow": "3px 3px 6px"
        },
        "text": {
            "font": "cousine",
            "fontSize": "15px",
            "textColor": "rgba(33, 34, 35, 1)",
            "linkColor": "rgba(146, 52, 101, 1)"
        },
        "title": {
            "font": "averia",
            "textColor": "rgba(219, 31, 246, 1)",
            "fontWeight": "normal",
            "textTransform": "none"
        },
        "button": {
            "backgroundColor": "rgba(146, 52, 101, 1)"
        },
        "version": 0,
        "update": false
    }
}