{
    "theme": {
        "body": {
            "backgroundColor": "rgba(103, 127, 163, 1)",
            "image": "",
            "imageAttachment": "scroll",
            "imageRepeat": "no-repeat",
            "imagePosition": "top center",
            "imageSize": "auto",
            "toTopbackgroundColor": "rgba(33, 34, 35, .8)",
            "toTopColor": "rgba(255, 255, 255, 1)"
        },
        "footer": {
            "backgroundColor": "rgba(255, 255, 255, 1)",
            "font": "roboto",
            "fontSize": "1em",
            "fontWeight": "normal",
            "height": "5px",
            "loginLink": true,
            "margin": true,
            "position": "site",
            "textColor": "rgba(33, 34, 35, 1)",
            "copyrightPosition": "right",
            "copyrightAlign": "right",
            "text": "<p>Pied de page personnalisé<\/p>",
            "textPosition": "left",
            "textAlign": "left",
            "textTransform": "none",
            "socialsPosition": "mcenter",
            "socialsAlign": "center",
            "displayVersion": true,
            "displaySiteMap": true,
            "displayCopyright": false,
            "displayCookie": true,
            "displayLegal": false,
            "displaySearch": false,
            "displayMemberBar": false,
            "template": "3"
        },
        "header": {
            "backgroundColor": "rgba(32, 59, 82, 1)",
            "font": "liberation-sans",
            "fontSize": "2em",
            "fontWeight": "normal",
            "heightSelect": "200px",
            "wide": "container",
            "image": "theme\/defaut\/banniere_1500x200.jpg",
            "imagePosition": "center center",
            "imageRepeat": "no-repeat",
            "margin": false,
            "position": "site",
            "textAlign": "center",
            "textColor": "rgba(255, 255, 255, 1)",
            "textHide": false,
            "textTransform": "none",
            "linkHomePage": true,
            "imageContainer": "cover",
            "tinyHidden": true,
            "feature": "wallpaper",
            "featureContent": "<p>Banni\u0026egrave;re vide<\/p>",
            "homePageOnly": false,
            "swiperImagesDir": "site\/file\/source\/banniere_animee",
            "swiperContent": null,
            "swiperEffects": "fade",
            "swiperDirection": false,
            "swiperTime": "2000",
            "swiperTransition": "1000",
            "height": "200px"
        },
        "menu": {
            "backgroundColor": "rgba(103, 127, 163, 0.85)",
            "backgroundColorSub": "rgba(83, 107, 143, 1)",
            "font": "roboto",
            "fontSize": "1.1em",
            "fontWeight": "normal",
            "height": "15px 10px",
            "wide": "container",
            "loginLink": false,
            "margin": false,
            "position": "top",
            "textAlign": "left",
            "textColor": "rgba(255, 255, 255, 1)",
            "textTransform": "none",
            "fixed": true,
            "activeColorAuto": true,
            "activeColor": "rgba(255, 255, 255, 1)",
            "activeTextColor": "rgba(224, 248, 87, 1)",
            "radius": "0px",
            "burgerTitle": false,
            "memberBar": true,
            "invertColor": false,
            "changeFontSize": false,
            "burgerIcon1": "icones\/home_orange.png",
            "burgerIcon2": "",
            "burgerContent": "oneIcon",
            "burgerTextColor": "rgba(221, 221, 221, 1)",
            "burgerFontSize": "1.5em",
            "minWidthTab": "auto",
            "minWidthParentOrAll": false,
            "burgerFixed": true,
            "burgerIconColor": "rgba(199, 246, 9, 1)",
            "burgerIconBgColor": "rgba(103, 127, 163, 0)",
            "burgerBannerColor": "rgba(103, 127, 163, 0)",
            "burgerTextMenuColor": "rgba(255, 255, 255, 1)",
            "burgerActiveTextColor": "rgba(224, 248, 87, 1)",
            "burgerBackgroundColor": "rgba(103, 127, 163, 0.85)",
            "burgerActiveColorAuto": true,
            "burgerActiveColor": "",
            "burgerBackgroundColorSub": "rgba(83, 107, 143, 1)",
            "burgerOverlay": false
        },
        "site": {
            "backgroundColor": "rgba(255, 255, 255, 1)",
            "radius": "0px",
            "shadow": "0px 0px 0px",
            "scrollspeed": "0",
            "width": "100%",
            "margin": false,
            "ScrollUaDbackgroundColor": "rgba(74, 105, 189, 1)",
            "scrollUaDColor": "rgba(230, 230, 230, 1)"
        },
        "block": {
            "backgroundColor": "rgba(241, 241, 241, 1)",
            "borderColor": "rgba(230, 230, 230, 1)",
            "backgroundTitleColor": "rgba(230, 230, 230, 1)",
            "blockBorderRadius": "5px",
            "blockBorderShadow": "3px 3px 6px"
        },
        "text": {
            "font": "roboto",
            "fontSize": "15px",
            "textColor": "rgba(33, 34, 35, 1)",
            "linkColor": "rgba(74, 105, 189, 1)"
        },
        "title": {
            "font": "liberation-sans",
            "textColor": "rgba(74, 105, 189, 1)",
            "fontWeight": "normal",
            "textTransform": "none"
        },
        "button": {
            "backgroundColor": "rgba(32, 59, 82, 1)"
        },
        "version": 0,
        "update": false
    }
}