{
    "locale": {
        "homePageId": "inicio",
        "page404": "none",
        "page403": "none",
        "page302": "none",
        "legalPageId": "inicio",
        "searchPageId": "inicio",
        "searchPageLabel": "Buscar",
        "legalPageLabel": "Aviso legal",
        "sitemapPageLabel": "Mapa del sitio",
		"visitorLabel": "Visitante",
		"memberLabel": "Miembro",
		"editorLabel": "Editor",
		"moderatorLabel": "Moderador",
		"administratorLabel": "Administrador",
        "metaDescription": "Deltacms es un CMS sin base de datos que facilita la creación y administración de un sitio web sin ningún conocimiento de programación.",
        "title": "Deltacms",
        "captchaSimpleText": "No soy un robot",
        "captchaSimpleHelp": "Marque esta casilla para demostrar que no es un robot",
		"questionnaireAccept": "Acepto las condiciones de uso de mis datos personales",
        "cookies": {
            "cookiesDeltaText": "Este sitio utiliza cookies necesarias para su funcionamiento, facilitan su funcionamiento, por ejemplo, al memorizar los datos de conexión, el idioma que ha elegido o la validación de este mensaje.",
            "cookiesExtText": "",
            "cookiesTitleText": "Administrar cookies",
            "cookiesLinkMlText": "Consulta los avisos legales",
            "cookiesCheckboxExtText": "",
            "cookiesFooterText": "Cookies",
            "cookiesButtonText": "He entendido"
        },
		"pageComment": {
			"writeComment":  "Escribe un comentario",
			"commentName": "Nombre o apodo",
			"comment": "Comentario",
			"submit": "Enviar",
			"link": ",",
			"page": "Página",
			"submitted": "Comentario enviado",
			"failed": "Error al enviar el comentario"			
		},	
		"menuBurger": {
            "burgerLeftIconLink": "inicio",
            "burgerCenterIconLink": "investigacion"
        },
		"mandatoryText": "Entrada obligatoria",
		"impossibleText": "El formulario no se puede enviar porque contiene errores",
		"captchaAddition": "Suma los números"
    }
}