{
    "page": {
        "inicio": {
            "typeMenu": "text",
            "iconUrl": "",
            "disable": false,
            "content": "inicio.html",
            "hideTitle": false,
            "breadCrumb": false,
            "metaDescription": "",
            "metaTitle": "",
            "moduleId": "",
            "modulePosition": "bottom",
            "parentPageId": "",
            "position": 1,
            "group": 0,
			"member": "allMembers",
			"memberFile": false,
            "groupEdit": 2,
            "targetBlank": false,
            "title": "Inicio",
            "shortTitle": "Inicio",
            "block": "12",
            "barLeft": "",
            "barRight": "",
            "displayMenu": "children",
            "hideMenuSide": false,
            "hideMenuHead": false,
            "hideMenuChildren": false
        }
    }
}