{
    "locale": {
        "homePageId": "home",
        "page404": "erreur404",
        "page403": "erreur403",
        "page302": "erreur302",
        "legalPageId": "mentions-legales",
        "searchPageId": "recherche",
        "searchPageLabel": "Search",
        "legalPageLabel": "Legal notice",
        "sitemapPageLabel": "Site map",
		"visitorLabel": "Visitor",
		"memberLabel": "Member",
		"editorLabel": "Editor",
		"moderatorLabel": "Moderator",
		"administratorLabel": "Administrator",
        "metaDescription": "Deltacms is a database-less CMS that allows you to easily create and manage a website without any programming knowledge.",
        "title": "Deltacms",
		"captchaSimpleText": "I'am not a robot",
        "captchaSimpleHelp": "Check this box to prove that you are human",
		"questionnaireAccept": "I accept the conditions of use of my personal data",
        "cookies": {
            "cookiesDeltaText": "This site uses cookies which are necessary for its operation. They enable it to function more smoothly, for example by memorising connection data, the language you have chosen or the validation of this message.",
            "cookiesExtText": "",
            "cookiesTitleText": "Managing cookies",
            "cookiesLinkMlText": "Consult the legal notices",
            "cookiesCheckboxExtText": "",
            "cookiesFooterText": "Cookies",
            "cookiesButtonText": "I understand"
        },
		"pageComment": {
			"writeComment":  "Write a comment",
			"commentName": "Name or nickname",
			"comment": "Comment",
			"submit": "Send",
			"link": ",",
			"page": "Page",
			"submitted": "Comment submitted",
			"failed": "Comment submission failed"
		},	
		"menuBurger": {
            "burgerLeftIconLink": "home",
            "burgerCenterIconLink": "recherche"
        },
		"mandatoryText": "Mandatory entry",
		"impossibleText": "The form cannot be submitted because it contains errors",
		"captchaAddition": "Add the numbers"
    }
}