{
    "module": {
        "blog": {
            "config": {
                "feeds": true,
                "feedsLabel": "Syndication RSS",
                "itemsperPage": 6,
				"previewSize" : 400,
                "versionData": "7.6"
            },
            "texts": {
                "NoComment": "No comment yet",
                "Write": "Write a comment",
                "Name": "Name or nickname",
                "Maxi": "Comment with maximum",
                "Cara": "characters",
                "Comment": "comment",
				"Comments": "comments",
                "CommentOK": "Comment filed",
                "Waiting": "Comment submitted pending approval",
                "ArticleNoComment": "This article does not receive comments",
                "Connection": "Login",
                "Edit": "Edit",
                "Cancel": "Cancel",
                "Send": "Send",
                "TinymceMaxi": "You have reached the maximum of",
                "TinymceCara": "characters left",
                "TinymceExceed": "You were about to exceed the maximum of ",
                "ReadMore": "Read more",
                "Back": "Back"
            },
            "posts": {}
        },
        "deltacms": {
            "url": "https:\/\/deltacms.fr\/",
            "count": 1
        },
        "contact": {
            "config": {
                "captcha": true,
                "group": 4,
                "user": "",
                "mail": "",
                "pageId": "",
                "subject": "",
                "replyto": false,
                "signature": "text",
                "logoUrl": "",
                "logoWidth": "40",
                "maxSizeUpload": "500000",
                "versionData": "6.6",
                "uploadJpg": true,
                "uploadPng": true,
                "uploadPdf": false,
                "uploadZip": false,
                "uploadTxt": false,
				"rgpdCheck": false,
				"trustLimit": "80"
			},
			"texts": {
                "button": "Send",
				"wrongCaptcha": "Wrong Captcha",
				"formSubmitted": "Form submitted",
				"notImage": "File is not an image",
				"sizeExceeds": "File size exceeds",
				"notAllowed": "This type of file is not allowed",
				"errorUploading": "Error while uploading file",
				"notPdf": "The attachment is not a pdf document",
				"notZip": "The attachment is not a zip document",
				"fillCaptcha": " Fill in the Captcha ",
				"noTrust": "You are not authorized to send an email"
            },
            "data": [],
            "input": [
                {
                    "name": "E-mail address",
                    "position": 1,
                    "required": true,
                    "type": "mail",
                    "values": ""
                },
                {
                    "name": "Subject",
                    "position": 2,
                    "required": true,
                    "type": "text",
                    "values": ""
                },
                {
                    "name": "Message",
                    "position": 3,
                    "required": true,
                    "type": "textarea",
                    "values": ""
                },
                {
                    "name": "Attached file (jpg, png max 500Ko)",
                    "position": 4,
                    "required": false,
                    "type": "file",
                    "values": ""
                }
            ],
            "draft": ""
        },
        "recherche": {
            "config": {
                "submitText": "Search",
                "placeHolder": "One or more keywords",
                "resultHideContent": false,
                "previewLength": 100,
                "versionData": "3.8",
                "nearWordText": "Related words",
                "successTitle": "Result of your search",
                "failureTitle": "No results",
                "commentFailureTitle": "",
				"commentMatch": "match",
				"commentMatches": "matches"
            },
            "theme": {
                "keywordColor": "rgba(229, 229, 1, 1)",
                "style": "site\/data\/search\/recherche\/theme.css"
            }
        },
        "erreur404": {
            "config": {
                "previewLength": 100,
                "resultHideContent": false,
                "placeHolder": "One or more keywords",
                "submitText": "Search",
                "versionData": "3.8",
                "nearWordText": "Related words",
                "successTitle": "Result of your search",
                "failureTitle": "No results",
                "commentFailureTitle": "",
				"commentMatch": "match",
				"commentMatches": "matches"
            },
            "theme": {
                "keywordColor": "rgba(229, 229, 1, 1)",
                "style": "site\/data\/search\/erreur404\/theme.css"
            }
        },
        "photo-album": {
            "knock-knock": {
                "config": {
                    "name": "Knock knock",
                    "directory": "site\/file\/source\/galerie\/toctoc",
                    "homePicture": "a.jpg",
                    "sort": "SORT_ASC",
                    "position": 2
                },
                "legend": {
                    "ajpg": "",
                    "bjpg": "",
                    "cjpg": ""
                },
                "order": []
            },
            "geolocation": {
                "config": {
                    "name": "Geolocation",
                    "directory": "site\/file\/source\/galerie\/geotag",
                    "homePicture": "estaens_2.jpg",
                    "sort": "SORT_ASC",
                    "position": 2
                },
                "legend": {
                    "estaens_1jpg": "",
                    "estaens_2jpg": "",
                    "estaens_3jpg": ""
                },
                "order": []
            },
			"config": {
				"versionData": "5.2",
				"texts": {
					"backButton": "Return",
					"geolocation": "Geolocalisation",
					"noAlbum": "No album"
				}
			}
        }
    }
}