{
    "page": {
        "home": {
            "typeMenu": "text",
            "iconUrl": "",
            "disable": false,
            "content": "home.html",
            "hideTitle": true,
            "breadCrumb": false,
            "metaDescription": "",
            "metaTitle": "",
            "moduleId": "",
            "modulePosition": "bottom",
            "parentPageId": "",
            "position": 1,
            "group": 0,
			"member": "allMembers",
			"memberFile": false,
            "groupEdit": 2,
            "targetBlank": false,
            "title": "Home",
            "shortTitle": "Home",
            "block": "12",
            "barLeft": "",
            "barRight": "",
            "displayMenu": "none",
            "hideMenuSide": false,
            "hideMenuHead": false,
            "hideMenuChildren": false
        },
        "privee": {
            "typeMenu": "text",
            "iconUrl": "",
            "disable": false,
            "content": "privee.html",
            "hideTitle": false,
            "breadCrumb": true,
            "metaDescription": "",
            "metaTitle": "",
            "moduleId": "",
            "parentPageId": "",
            "modulePosition": "bottom",
            "position": 3,
            "group": 1,
			"member": "allMembers",
			"memberFile": false,
            "groupEdit": 2,
            "targetBlank": false,
            "title": "Private page",
            "shortTitle": "Private",
            "block": "12",
            "barLeft": "",
            "barRight": "",
            "displayMenu": "none",
            "hideMenuSide": false,
            "hideMenuChildren": false
        },
        "mise-en-page": {
            "typeMenu": "text",
            "iconUrl": "",
            "disable": false,
            "content": "mise-en-page.html",
            "hideTitle": false,
            "breadCrumb": true,
            "metaDescription": "",
            "metaTitle": "",
            "moduleId": "",
            "modulePosition": "bottom",
            "parentPageId": "editing",
            "position": 1,
            "group": 0,
			"member": "allMembers",
			"memberFile": false,
            "groupEdit": 2,
            "targetBlank": false,
            "title": "Layout",
            "shortTitle": "Layout",
            "block": "4-8",
            "barLeft": "barre",
            "barRight": "",
            "displayMenu": "none",
            "hideMenuSide": false,
            "hideMenuHead": false,
            "hideMenuChildren": false
        },
        "menu-lateral": {
            "typeMenu": "text",
            "iconUrl": "",
            "disable": false,
            "content": "menu-lateral.html",
            "hideTitle": false,
            "breadCrumb": true,
            "metaDescription": "",
            "metaTitle": "",
            "moduleId": "",
            "modulePosition": "bottom",
            "parentPageId": "editing",
            "position": 2,
            "group": 0,
			"member": "allMembers",
			"memberFile": false,
            "groupEdit": 2,
            "targetBlank": false,
            "title": "Sidebar with menu",
            "shortTitle": "Side menu",
            "block": "9-3",
            "barLeft": "",
            "barRight": "barrelateraleavecmenu",
            "displayMenu": "none",
            "hideMenuSide": false,
            "hideMenuHead": false,
            "hideMenuChildren": false
        },
        "blog": {
            "typeMenu": "text",
            "iconUrl": "",
            "disable": false,
            "content": "blog.html",
            "hideTitle": false,
            "breadCrumb": false,
            "metaDescription": "",
            "metaTitle": "",
            "moduleId": "blog",
            "modulePosition": "bottom",
            "parentPageId": "",
            "position": 4,
            "group": 0,
			"member": "allMembers",
			"memberFile": false,
            "groupEdit": 2,
            "targetBlank": false,
            "title": "Blog",
            "shortTitle": "Blog",
            "block": "12",
            "barLeft": "",
            "barRight": "",
            "displayMenu": "none",
            "hideMenuSide": false,
            "hideMenuChildren": false
        },
        "deltacms": {
            "typeMenu": "text",
            "iconUrl": "",
            "disable": false,
            "content": "deltacms.html",
            "hideTitle": false,
            "breadCrumb": false,
            "metaDescription": "",
            "metaTitle": "",
            "moduleId": "redirection",
            "modulePosition": "bottom",
            "parentPageId": "",
            "position": 6,
            "group": 0,
			"member": "allMembers",
			"memberFile": false,
            "groupEdit": 2,
            "targetBlank": true,
            "title": "Deltacms",
            "shortTitle": "Deltacms",
            "block": "12",
            "barLeft": "",
            "barRight": "",
            "displayMenu": "none",
            "hideMenuSide": false,
            "hideMenuChildren": false
        },
        "contact": {
            "typeMenu": "text",
            "iconUrl": "",
            "disable": false,
            "content": "contact.html",
            "hideTitle": false,
            "breadCrumb": false,
            "metaDescription": "",
            "metaTitle": "",
            "moduleId": "form",
            "modulePosition": "bottom",
            "parentPageId": "",
            "position": 7,
            "group": 0,
			"member": "allMembers",
			"memberFile": false,
            "groupEdit": 2,
            "targetBlank": false,
            "title": "Contact",
            "shortTitle": "Contact",
            "block": "12",
            "barLeft": "",
            "barRight": "",
            "displayMenu": "none",
            "hideMenuSide": false,
            "hideMenuChildren": false
        },
        "barre": {
            "typeMenu": "text",
            "iconUrl": "",
            "disable": false,
            "content": "barre.html",
            "hideTitle": false,
            "breadCrumb": false,
            "metaDescription": "",
            "metaTitle": "",
            "moduleId": "",
            "modulePosition": "bottom",
            "parentPageId": "",
            "position": 0,
            "group": 0,
			"member": "allMembers",
			"memberFile": false,
            "groupEdit": 2,
            "targetBlank": false,
            "title": "Sidebar",
            "shortTitle": "Sidebar",
            "block": "bar",
            "barLeft": "",
            "barRight": "",
            "displayMenu": "none",
            "hideMenuSide": false,
            "hideMenuChildren": false
        },
        "barrelateraleavecmenu": {
            "typeMenu": "text",
            "iconUrl": "",
            "disable": false,
            "content": "barrelateraleavecmenu.html",
            "hideTitle": false,
            "breadCrumb": false,
            "metaDescription": "",
            "metaTitle": "",
            "moduleId": "",
            "modulePosition": "bottom",
            "parentPageId": "",
            "position": 0,
            "group": 0,
			"member": "allMembers",
			"memberFile": false,
            "groupEdit": 2,
            "targetBlank": false,
            "title": "Sidebar with menu",
            "shortTitle": "Sidebar with menu",
            "block": "bar",
            "barLeft": "",
            "barRight": "",
            "displayMenu": "parents",
            "hideMenuSide": false,
            "hideMenuChildren": false
        },
        "mentions-legales": {
            "typeMenu": "text",
            "iconUrl": "",
            "disable": false,
            "content": "mentions-legales.html",
            "hideTitle": true,
            "breadCrumb": false,
            "metaDescription": "",
            "metaTitle": "Mentions Légales",
            "moduleId": "",
            "modulePosition": "bottom",
            "parentPageId": "",
            "position": 0,
            "group": 0,
			"member": "allMembers",
			"memberFile": false,
            "groupEdit": 2,
            "targetBlank": false,
            "title": "Legal notices",
            "shortTitle": "Legal notices",
            "block": "12",
            "barLeft": "",
            "barRight": "",
            "displayMenu": "none",
            "hideMenuSide": false,
            "hideMenuHead": false,
            "hideMenuChildren": false
        },
        "erreur302": {
            "typeMenu": "text",
            "iconUrl": "",
            "disable": false,
            "content": "erreur302.html",
            "hideTitle": false,
            "breadCrumb": false,
            "metaDescription": "",
            "metaTitle": "",
            "moduleId": "",
            "modulePosition": "",
            "parentPageId": "",
            "position": 0,
            "group": 0,
			"member": "allMembers",
			"memberFile": false,
            "groupEdit": 2,
            "targetBlank": false,
            "title": "Maintenance in progress",
            "shortTitle": "Maintenance in progress",
            "block": "12",
            "barLeft": "",
            "barRight": "",
            "displayMenu": "none",
            "hideMenuSide": true,
            "hideMenuHead": true,
            "hideMenuChildren": true
        },
        "erreur403": {
            "typeMenu": "text",
            "iconUrl": "",
            "disable": false,
            "content": "erreur403.html",
            "hideTitle": false,
            "breadCrumb": false,
            "metaDescription": "",
            "metaTitle": "",
            "moduleId": "",
            "modulePosition": "bottom",
            "parentPageId": "",
            "position": 0,
            "group": 0,
			"member": "allMembers",
			"memberFile": false,
            "groupEdit": 2,
            "targetBlank": false,
            "title": "Error 403",
            "shortTitle": "Error 403",
            "block": "12",
            "barLeft": "",
            "barRight": "",
            "displayMenu": "none",
            "hideMenuSide": false,
            "hideMenuHead": false,
            "hideMenuChildren": false
        },
        "erreur404": {
            "typeMenu": "text",
            "iconUrl": "",
            "disable": false,
            "content": "erreur404.html",
            "hideTitle": false,
            "breadCrumb": false,
            "metaDescription": "",
            "metaTitle": "",
            "moduleId": "search",
            "modulePosition": "bottom",
            "parentPageId": "",
            "position": 0,
            "group": 0,
			"member": "allMembers",
			"memberFile": false,
            "groupEdit": 2,
            "targetBlank": false,
            "title": "Error 404",
            "shortTitle": "Error 404",
            "block": "12",
            "barLeft": "",
            "barRight": "",
            "displayMenu": "none",
            "hideMenuSide": false,
            "hideMenuChildren": false
        },
        "recherche": {
            "typeMenu": "icon",
            "iconUrl": "icones\/loupe.png",
            "disable": false,
            "content": "recherche.html",
            "hideTitle": true,
            "breadCrumb": false,
            "metaDescription": "",
            "metaTitle": "",
            "moduleId": "search",
            "modulePosition": "bottom",
            "parentPageId": "",
            "position": 8,
            "group": 0,
			"member": "allMembers",
			"memberFile": false,
            "groupEdit": 2,
            "targetBlank": false,
            "title": "Search in the site",
            "shortTitle": "Search",
            "block": "12",
            "barLeft": "",
            "barRight": "",
            "displayMenu": "none",
            "hideMenuSide": false,
            "hideMenuChildren": false
        },
        "editing": {
            "typeMenu": "text",
            "iconUrl": "",
            "disable": false,
            "content": "editing.html",
            "hideTitle": false,
            "breadCrumb": false,
            "metaDescription": "",
            "metaTitle": "",
            "moduleId": "",
            "modulePosition": "bottom",
            "parentPageId": "",
            "position": 2,
            "group": 0,
			"member": "allMembers",
			"memberFile": false,
            "groupEdit": 2,
            "targetBlank": false,
            "title": "Editing",
            "shortTitle": "Editing",
            "block": "12",
            "barLeft": "",
            "barRight": "",
            "displayMenu": "none",
            "hideMenuSide": false,
            "hideMenuHead": false,
            "hideMenuChildren": false
        },
        "photo-album": {
            "typeMenu": "text",
            "iconUrl": "",
            "disable": false,
            "content": "photo-album.html",
            "hideTitle": false,
            "breadCrumb": false,
            "metaDescription": "",
            "metaTitle": "",
            "moduleId": "album",
            "modulePosition": "bottom",
            "parentPageId": "",
            "position": 5,
            "group": 0,
			"member": "allMembers",
			"memberFile": false,
            "groupEdit": 2,
            "targetBlank": false,
            "title": "Photo album",
            "shortTitle": "Album",
            "block": "12",
            "barLeft": "",
            "barRight": "",
            "displayMenu": "none",
            "hideMenuSide": false,
            "hideMenuHead": false,
            "hideMenuChildren": false
        }
    }
}