{
    "theme": {
        "body": {
            "backgroundColor": "rgba(42, 44, 45, 1)",
            "image": "",
            "imageAttachment": "scroll",
            "imagePosition": "top center",
            "imageRepeat": "no-repeat",
            "imageSize": "auto",
            "toTopbackgroundColor": "rgba(33, 34, 35, .8)",
            "toTopColor": "rgba(255, 255, 255, 1)"
        },
        "footer": {
            "backgroundColor": "rgba(71, 66, 63, 1)",
            "copyrightAlign": "center",
            "height": "5px",
            "loginLink": "1",
            "margin": true,
            "position": "site",
            "fixed": false,
            "socialsAlign": "center",
            "text": "<p>Pied de page personnalis\u0026eacute;<\/p>",
            "textAlign": "left",
            "textColor": "rgba(255, 185, 0, 1)",
            "copyrightPosition": "mcenter",
            "textPosition": "hide",
            "socialsPosition": "hide",
            "textTransform": "none",
            "font": "averia",
            "fontSize": "1em",
            "fontWeight": "normal",
            "displayVersion": true,
            "displaySiteMap": true,
            "displayCopyright": false,
            "displayCookie": true,
            "displayLegal": false,
            "displaySearch": false,
            "displayMemberBar": false,
            "template": "1"
        },
        "header": {
            "backgroundColor": "rgba(0, 0, 0, 0)",
            "font": "funtype",
            "fontSize": "2.4vmax",
            "fontWeight": "normal",
            "heightSelect": "300px",
            "wide": "container",
            "image": "theme\/banniere\/banniere-volcan.webp",
            "imagePosition": "center center",
            "imageRepeat": "no-repeat",
            "margin": false,
            "position": "body",
            "textAlign": "left",
            "textColor": "rgba(242, 242, 252, 1)",
            "textHide": false,
            "textTransform": "none",
            "linkHomePage": true,
            "imageContainer": "cover",
            "tinyHidden": false,
            "feature": "wallpaper",
            "featureContent": "<p>Banni\u0026egrave;re vide<\/p>",
            "homePageOnly": true,
            "swiperImagesDir": "site\/file\/source\/galerie\/grece",
            "swiperContent": null,
            "swiperEffects": "cube",
            "swiperDirection": false,
            "swiperTime": "100",
            "swiperTransition": "100",
            "height": "300px"
        },
        "menu": {
            "backgroundColor": "rgba(71, 66, 63, 1)",
            "backgroundColorSub": "rgba(91, 86, 83, 1)",
            "font": "averia",
            "fontSize": "1em",
            "fontWeight": "normal",
            "height": "5px 10px",
            "wide": "container",
            "loginLink": true,
            "margin": false,
            "position": "site",
            "textAlign": "left",
            "textColor": "rgba(255, 185, 0, 1)",
            "textTransform": "none",
            "fixed": false,
            "activeColorAuto": true,
            "activeColor": "rgba(255, 255, 255, 1)",
            "activeTextColor": "rgba(232, 237, 240, 1)",
            "radius": "0px",
            "burgerTitle": false,
            "memberBar": true,
            "burgerIcon1": "icones\/home_orange.png",
            "burgerIcon2": "icones\/loupe.png",
            "burgerContent": "twoIcon",
            "burgerTextColor": "#DDD",
            "burgerFontSize": "1.5em",
            "minWidthTab": "150px",
            "minWidthParentOrAll": true,
            "burgerFixed": true,
            "burgerIconColor": "rgba(159, 235, 20, 0.97)",
            "burgerIconBgColor": "rgba(71, 66, 63, 0)",
            "burgerBannerColor": "rgba(71, 66, 63, 0)",
            "burgerTextMenuColor": "rgba(243, 247, 247, 1)",
            "burgerActiveTextColor": "rgba(153, 241, 28, 1)",
            "burgerBackgroundColor": "rgba(98, 92, 88, 1)",
            "burgerActiveColorAuto": true,
            "burgerActiveColor": "",
            "burgerBackgroundColorSub": "rgba(46, 42, 39, 1)",
            "burgerOverlay": true
        },
        "site": {
            "backgroundColor": "rgba(54, 54, 51, 1)",
            "radius": "0px",
            "shadow": "0px 0px 0px",
            "width": "100%",
            "margin": false
        },
        "block": {
            "backgroundColor": "rgba(71, 66, 63, 1)",
            "borderColor": "rgba(91, 86, 83, 1)",
            "backgroundTitleColor": "rgba(91, 86, 83, 1)",
            "blockBorderRadius": "5px",
            "blockBorderShadow": "1px 1px 2px"
        },
        "text": {
            "font": "roboto",
            "fontSize": "14px",
            "textColor": "rgba(225, 225, 225, 1)",
            "linkColor": "rgba(255, 185, 0, 1)"
        },
        "title": {
            "font": "funtype",
            "textColor": "rgba(225, 125, 0, 1)",
            "fontWeight": "normal",
            "textTransform": "none"
        },
        "button": {
            "backgroundColor": "rgba(149, 149, 150, 1)"
        },
        "version": 0,
        "update": false
    }
}