{
    "theme": {
        "body": {
            "backgroundColor": "rgba(0, 0, 0, 0.95)",
            "image": "",
            "imageAttachment": "scroll",
            "imagePosition": "top center",
            "imageRepeat": "no-repeat",
            "imageSize": "auto",
            "toTopbackgroundColor": "rgba(31, 127, 0, 1)",
            "toTopColor": "rgba(255, 255, 255, 1)"
        },
        "footer": {
            "backgroundColor": "rgba(0, 0, 0, 0.95)",
            "copyrightAlign": "center",
            "height": "0px",
            "loginLink": "1",
            "margin": true,
            "position": "body",
            "fixed": true,
            "socialsAlign": "center",
            "text": "<p><a href=\"https:\/\/deltacms.fr\" target=\"_blank\" rel=\"noopener\">DeltaCMS<\/a><\/p>",
            "textAlign": "center",
            "textColor": "rgba(63, 255, 0, 1)",
            "copyrightPosition": "right",
            "textPosition": "left",
            "socialsPosition": "hide",
            "textTransform": "none",
            "font": "open-sauce-sans",
            "fontSize": "1em",
            "fontWeight": "normal",
            "displayVersion": true,
            "displaySiteMap": true,
            "displayCopyright": false,
            "displayCookie": false,
            "displayLegal": false,
            "displaySearch": false,
            "displayMemberBar": false,
            "template": "2",
            "displayWhois": false
        },
        "header": {
            "backgroundColor": "rgba(32, 59, 82, 1)",
            "font": "averia",
            "fontSize": "2.4vmax",
            "fontWeight": "bold",
            "heightSelect": "100px",
            "wide": "container",
            "image": "",
            "imagePosition": "center center",
            "imageRepeat": "no-repeat",
            "margin": false,
            "position": "hide",
            "textAlign": "center",
            "textColor": "rgba(229, 165, 12, 1)",
            "textHide": true,
            "textTransform": "uppercase",
            "linkHomePage": true,
            "imageContainer": "cover",
            "tinyHidden": true,
            "feature": "wallpaper",
            "featureContent": "<p>Banni\u0026egrave;re vide<\/p>",
            "homePageOnly": false,
            "swiperImagesDir": "site\/file\/source\/banniere_animee",
            "swiperContent": null,
            "swiperEffects": "cube",
            "swiperDirection": false,
            "swiperTime": "100",
            "swiperTransition": "100",
            "height": "100px"
        },
        "menu": {
            "backgroundColor": "rgba(0, 0, 0, 0.95)",
            "backgroundColorSub": "rgba(12, 51, 0, 1)",
            "font": "open-sauce-sans",
            "fontSize": "1em",
            "fontWeight": "normal",
            "height": "5px 10px",
            "wide": "container",
            "loginLink": true,
            "margin": false,
            "position": "top",
            "textAlign": "left",
            "textColor": "rgba(63, 255, 0, 1)",
            "textTransform": "none",
            "fixed": true,
            "activeColorAuto": true,
            "activeColor": "rgba(255, 255, 255, 1)",
            "activeTextColor": "rgba(255, 200, 0, 1)",
            "radius": "0px",
            "burgerTitle": false,
            "memberBar": true,
            "burgerIcon1": "icones\/home_white-red-roof.png",
            "burgerIcon2": "",
            "burgerContent": "oneIcon",
            "burgerTextColor": "",
            "burgerFontSize": "1.2em",
            "minWidthTab": "120px",
            "minWidthParentOrAll": true,
            "burgerFixed": true,
            "burgerIconColor": "rgba(255, 200, 0, 1)",
            "burgerIconBgColor": "rgba(0, 0, 0, 0)",
            "burgerBannerColor": "rgba(18, 76, 0, 1)",
            "burgerTextMenuColor": "rgba(255, 255, 255, 1)",
            "burgerActiveTextColor": "rgba(255, 200, 0, 1)",
            "burgerBackgroundColor": "rgba(18, 76, 0, 1)",
            "burgerActiveColorAuto": true,
            "burgerActiveColor": "",
            "burgerBackgroundColorSub": "rgba(31, 127, 0, 1)",
            "burgerOverlay": false
        },
        "site": {
            "backgroundColor": "rgba(12, 51, 0, 1)",
            "radius": "0px",
            "shadow": "0px 0px 0px",
            "width": "100%",
            "margin": false
        },
        "block": {
            "backgroundColor": "rgba(18, 76, 0, 1)",
            "borderColor": "rgba(25, 102, 0, 1)",
            "backgroundTitleColor": "rgba(31, 127, 0, 1)",
            "blockBorderRadius": "5px",
            "blockBorderShadow": "1px 1px 2px"
        },
        "text": {
            "font": "open-sauce-sans",
            "fontSize": "14px",
            "textColor": "rgba(255, 255, 255, 1)",
            "linkColor": "rgba(255, 200, 0, 1)"
        },
        "title": {
            "font": "simply-sans-book",
            "textColor": "rgba(63, 255, 0, 1)",
            "fontWeight": "bold",
            "textTransform": "none"
        },
        "button": {
            "backgroundColor": "rgba(18, 76, 0, 1)"
        },
        "version": 0,
        "update": false
    }
}