{
    "theme": {
        "body": {
            "backgroundColor": "rgba(51, 27, 68, 1)",
            "image": "",
            "imageAttachment": "scroll",
            "imagePosition": "top center",
            "imageRepeat": "no-repeat",
            "imageSize": "auto",
            "toTopbackgroundColor": "rgba(33, 34, 35, .8)",
            "toTopColor": "rgba(255, 255, 255, 1)"
        },
        "footer": {
            "backgroundColor": "rgba(51, 27, 68, 1)",
            "copyrightAlign": "right",
            "height": "5px",
            "loginLink": "1",
            "margin": true,
            "position": "site",
            "fixed": false,
            "socialsAlign": "center",
            "text": "<p><a href=\"https:\/\/deltacms.fr\" target=\"_blank\" rel=\"noopener\">SITE<\/a><\/p>",
            "textAlign": "left",
            "textColor": "rgba(241, 241, 241, 1)",
            "copyrightPosition": "right",
            "textPosition": "left",
            "socialsPosition": "hide",
            "textTransform": "none",
            "font": "open-sauce-sans",
            "fontSize": "1em",
            "fontWeight": "normal",
            "displayVersion": true,
            "displaySiteMap": true,
            "displayCopyright": false,
            "displayCookie": true,
            "displayLegal": false,
            "displaySearch": false,
            "displayMemberBar": false,
            "template": "2"
        },
        "header": {
            "backgroundColor": "rgba(32, 59, 82, 1)",
            "font": "averia",
            "fontSize": "2.4vmax",
            "fontWeight": "bold",
            "heightSelect": "100px",
            "wide": "container",
            "image": "theme\/defaut\/banniere_1500x200.jpg",
            "imagePosition": "center center",
            "imageRepeat": "no-repeat",
            "margin": false,
            "position": "hide",
            "textAlign": "center",
            "textColor": "rgba(229, 165, 12, 1)",
            "textHide": false,
            "textTransform": "uppercase",
            "linkHomePage": true,
            "imageContainer": "cover",
            "tinyHidden": true,
            "feature": "wallpaper",
            "featureContent": "<p>Banni\u0026egrave;re vide<\/p>",
            "homePageOnly": false,
            "height": "100px"
        },
        "menu": {
            "backgroundColor": "rgba(245, 245, 245, 0.95)",
            "backgroundColorSub": "rgba(234, 234, 234, 1)",
            "font": "open-sauce-sans",
            "fontSize": "1.1em",
            "fontWeight": "normal",
            "height": "15px 10px",
            "wide": "container",
            "loginLink": false,
            "margin": false,
            "position": "top",
            "textAlign": "left",
            "textColor": "rgba(74, 105, 189, 1)",
            "textTransform": "none",
            "fixed": true,
            "activeColorAuto": true,
            "activeColor": "rgba(255, 255, 255, 1)",
            "activeTextColor": "rgba(51, 27, 68, 1)",
            "radius": "0px",
            "burgerTitle": false,
            "memberBar": true,
            "burgerIcon1": "icones\/home_orange.png",
            "burgerIcon2": "",
            "burgerContent": "oneIcon",
            "burgerTextColor": "",
            "burgerFontSize": "1.2em",
            "minWidthTab": "auto",
            "minWidthParentOrAll": false,
            "burgerFixed": true,
            "burgerIconColor": "rgba(236, 151, 27, 1)",
            "burgerIconBgColor": "rgba(245, 245, 245, 0)",
            "burgerBannerColor": "rgba(245, 245, 245, 0)",
            "burgerTextMenuColor": "rgba(74, 105, 189, 1)",
            "burgerActiveTextColor": "rgba(51, 27, 68, 1)",
            "burgerBackgroundColor": "rgba(245, 245, 245, 1)",
            "burgerActiveColorAuto": true,
            "burgerActiveColor": "",
            "burgerBackgroundColorSub": "rgba(234, 234, 234, 1)",
            "burgerIconLink1": "accueil",
            "burgerIconLink2": "accueil",
            "burgerOverlay": false
        },
        "site": {
            "backgroundColor": "rgba(245, 245, 245, 1)",
            "radius": "0px",
            "shadow": "0px 0px 0px",
            "width": "100%",
            "margin": false
        },
        "block": {
            "backgroundColor": "rgba(250, 250, 250, 1)",
            "borderColor": "rgba(220, 220, 220, 1)",
            "backgroundTitleColor": "rgba(232, 232, 232, 1)",
            "blockBorderRadius": "5px",
            "blockBorderShadow": "3px 3px 6px"
        },
        "text": {
            "font": "open-sauce-sans",
            "fontSize": "14px",
            "textColor": "rgba(33, 34, 35, 1)",
            "linkColor": "rgba(74, 105, 189, 1)"
        },
        "title": {
            "font": "clayborn",
            "textColor": "rgba(74, 105, 189, 1)",
            "fontWeight": "normal",
            "textTransform": "none"
        },
        "button": {
            "backgroundColor": "rgba(32, 59, 82, 1)"
        },
        "version": 0,
        "update": false
    }
}