{
    "module": {
        "blog": {
            "config": {
                "feeds": true,
                "feedsLabel": "Sindicación RSS",
                "itemsperPage": 6,
				"previewSize" : 400,
                "versionData": "7.6"
            },
            "texts": {
                "NoComment": "Aún no hay comentarios",
                "Write": "Escribe un comentario",
                "Name": "Nombre o apodo",
                "Maxi": "Comentario con máximo",
                "Cara": "caracteres",
                "Comment": "comentario",
				"Comments": "comentarios",
                "CommentOK": "Comentario enviado",
                "Waiting": "Comentario publicado pendiente de aprobación",
                "ArticleNoComment": "Esta publicación no tiene comentarios",
                "Connection": "Iniciar sesión",
                "Edit": "Editar",
                "Cancel": "Cancelar",
                "Send": "Enviar",
                "TinymceMaxi": "Has alcanzado el máximo de",
                "TinymceCara": "caracteres restantes",
                "TinymceExceed": "Ibas a exceder el máximo por",
                "ReadMore": "Leer más",
                "Back": "Atrás"
            },
            "posts": {}
        },
        "deltacms": {
            "url": "https:\/\/deltacms.fr\/",
            "count": 4
        },
        "erreur404": {
            "config": {
                "previewLength": 100,
                "resultHideContent": false,
                "placeHolder": "Una o más palabras",
                "submitText": "Buscar",
                "versionData": "3.8",
                "nearWordText": "Palabras relacionadas",
                "successTitle": "Resultado de tu busqueda",
                "failureTitle": "ningún resultado",
                "commentFailureTitle": "¿Has pensado en los acentos?",
				"commentMatch": "coincidencia",
				"commentMatches": "coincidencias"
            },
            "theme": {
                "keywordColor": "rgba(229, 229, 1, 1)",
                "style": "site\/data\/search\/erreur404\/theme.css"
            }
        },
        "investigacion": {
            "config": {
                "submitText": "Buscar",
                "placeHolder": "Una o más palabras",
                "resultHideContent": false,
                "previewLength": 100,
                "versionData": "3.8",
                "nearWordText": "Palabras relacionadas",
                "successTitle": "Resultado de tu busqueda",
                "failureTitle": "ningún resultado",
                "commentFailureTitle": "¿Has pensado en los acentos?",
				"commentMatch": "coincidencia",
				"commentMatches": "coincidencias"
            },
            "theme": {
                "keywordColor": "rgba(229, 229, 1, 1)",
                "style": "site\/data\/search\/investigacion\/theme.css"
            }
        },
        "contactenos": {
            "config": {
                "captcha": true,
                "group": 4,
                "user": "",
                "mail": "",
                "pageId": "",
                "subject": "",
                "replyto": false,
                "signature": "text",
                "logoUrl": "",
                "logoWidth": "40",
                "maxSizeUpload": "500000",
                "versionData": "6.6",
                "uploadJpg": true,
                "uploadPng": true,
                "uploadPdf": false,
                "uploadZip": false,
                "uploadTxt": false,
				"rgpdCheck": false,
				"trustLimit": "80"
			},
			"texts": {
				"button": "Enviar",
				"wrongCaptcha": "Captcha no válido",
				"formSubmitted": "Formulario enviado",
				"notImage": "El archivo adjunto no es una imagen",
				"sizeExceeds": "El tamaño del archivo excede",
				"notAllowed": "Este tipo de archivo no está permitido",
				"errorUploading": "Error al cargar el archivo",
				"notPdf": "El adjunto no es un documento pdf",
				"notZip": "El archivo adjunto no es un documento zip",
				"fillCaptcha": " Complete el Captcha ",
				"noTrust": "No estás autorizado para enviar un correo electrónico"
            },
            "data": [],
            "input": [
                {
                    "name": "Correo electrónico",
                    "position": 1,
                    "required": true,
                    "type": "mail",
                    "values": ""
                },
                {
                    "name": "Asunto",
                    "position": 2,
                    "required": true,
                    "type": "text",
                    "values": ""
                },
                {
                    "name": "Mensaje",
                    "position": 3,
                    "required": true,
                    "type": "textarea",
                    "values": ""
                },
                {
                    "name": "añadir un archivo (jpg, png máxima 500Ko)",
                    "position": 4,
                    "required": false,
                    "type": "file",
                    "values": ""
                }
            ],
            "draft": ""
        },
        "album-de-fotos": {
            "toque-toque": {
                "config": {
                    "name": "Toque toque",
                    "directory": "site\/file\/source\/galerie\/toctoc",
                    "homePicture": "a.jpg",
                    "sort": "SORT_ASC",
                    "position": 0
                },
                "legend": {
                    "ajpg": "",
                    "bjpg": "",
                    "cjpg": ""
                },
                "order": []
            },
            "geolocalizacion": {
                "config": {
                    "name": "Geolocalización",
                    "directory": "site\/file\/source\/galerie\/geotag",
                    "homePicture": "estaens_2.jpg",
                    "sort": "SORT_ASC",
                    "position": 2
                },
                "legend": {
                    "estaens_1jpg": "",
                    "estaens_2jpg": "",
                    "estaens_3jpg": ""
                },
                "order": []
            },
			"config": {
				"versionData": "5.2",
				"texts": {
					"backButton": "Atrás",
					"geolocation": "Geolocalización",
					"noAlbum": "Sin álbum"
				}
			}
        }
    }
}