{
    "page": {
        "blog": {
            "typeMenu": "text",
            "iconUrl": "",
            "disable": false,
            "content": "blog.html",
            "hideTitle": false,
            "breadCrumb": false,
            "metaDescription": "",
            "metaTitle": "",
            "moduleId": "blog",
            "modulePosition": "bottom",
            "parentPageId": "",
            "position": 4,
            "group": 0,
			"member": "allMembers",
			"memberFile": false,
            "groupEdit": 2,
            "targetBlank": false,
            "title": "Blog",
            "shortTitle": "Blog",
            "block": "12",
            "barLeft": "",
            "barRight": "",
            "displayMenu": "none",
            "hideMenuSide": false,
            "hideMenuHead": false,
            "hideMenuChildren": false
        },
        "deltacms": {
            "typeMenu": "text",
            "iconUrl": "",
            "disable": false,
            "content": "deltacms.html",
            "hideTitle": false,
            "breadCrumb": false,
            "metaDescription": "",
            "metaTitle": "",
            "moduleId": "redirection",
            "modulePosition": "bottom",
            "parentPageId": "",
            "position": 6,
            "group": 0,
			"member": "allMembers",
			"memberFile": false,
            "groupEdit": 2,
            "targetBlank": true,
            "title": "Deltacms",
            "shortTitle": "Deltacms",
            "block": "12",
            "barLeft": "",
            "barRight": "",
            "displayMenu": "none",
            "hideMenuSide": false,
            "hideMenuHead": false,
            "hideMenuChildren": false
        },
        "erreur403": {
            "typeMenu": "text",
            "iconUrl": "",
            "disable": false,
            "content": "erreur403.html",
            "hideTitle": false,
            "breadCrumb": false,
            "metaDescription": "",
            "metaTitle": "",
            "moduleId": "",
            "modulePosition": "bottom",
            "parentPageId": "",
            "position": 0,
            "group": 0,
			"member": "allMembers",
			"memberFile": false,
            "groupEdit": 2,
            "targetBlank": false,
            "title": "Error 403",
            "shortTitle": "Error 403",
            "block": "12",
            "barLeft": "",
            "barRight": "",
            "displayMenu": "none",
            "hideMenuSide": false,
            "hideMenuHead": false,
            "hideMenuChildren": false
        },
        "erreur404": {
            "typeMenu": "text",
            "iconUrl": "",
            "disable": false,
            "content": "erreur404.html",
            "hideTitle": false,
            "breadCrumb": false,
            "metaDescription": "",
            "metaTitle": "",
            "moduleId": "search",
            "modulePosition": "bottom",
            "parentPageId": "",
            "position": 0,
            "group": 0,
			"member": "allMembers",
			"memberFile": false,
            "groupEdit": 2,
            "targetBlank": false,
            "title": "Error 404",
            "shortTitle": "Error 404",
            "block": "12",
            "barLeft": "",
            "barRight": "",
            "displayMenu": "none",
            "hideMenuSide": false,
            "hideMenuHead": false,
            "hideMenuChildren": false
        },
        "inicio": {
            "typeMenu": "text",
            "iconUrl": "",
            "disable": false,
            "content": "inicio.html",
            "hideTitle": true,
            "breadCrumb": false,
            "metaDescription": "",
            "metaTitle": "",
            "moduleId": "",
            "modulePosition": "bottom",
            "parentPageId": "",
            "position": 1,
            "group": 0,
			"member": "allMembers",
			"memberFile": false,
            "groupEdit": 2,
            "targetBlank": false,
            "title": "Inicio",
            "shortTitle": "Inicio",
            "block": "12",
            "barLeft": "",
            "barRight": "",
            "displayMenu": "none",
            "hideMenuSide": false,
            "hideMenuHead": false,
            "hideMenuChildren": false
        },
        "investigacion": {
            "typeMenu": "icon",
            "iconUrl": "icones\/loupe.png",
            "disable": false,
            "content": "investigacion.html",
            "hideTitle": true,
            "breadCrumb": false,
            "metaDescription": "",
            "metaTitle": "",
            "moduleId": "search",
            "modulePosition": "bottom",
            "parentPageId": "",
            "position": 8,
            "group": 0,
			"member": "allMembers",
			"memberFile": false,
            "groupEdit": 2,
            "targetBlank": false,
            "title": "Investigación",
            "shortTitle": "Investigación",
            "block": "12",
            "barLeft": "",
            "barRight": "",
            "displayMenu": "none",
            "hideMenuSide": false,
            "hideMenuHead": false,
            "hideMenuChildren": false
        },
        "contactenos": {
            "typeMenu": "text",
            "iconUrl": "",
            "disable": false,
            "content": "contactenos.html",
            "hideTitle": false,
            "breadCrumb": false,
            "metaDescription": "",
            "metaTitle": "",
            "moduleId": "form",
            "modulePosition": "bottom",
            "parentPageId": "",
            "position": 7,
            "group": 0,
			"member": "allMembers",
			"memberFile": false,
            "groupEdit": 2,
            "targetBlank": false,
            "title": "Contáctenos",
            "shortTitle": "Contáctenos",
            "block": "12",
            "barLeft": "",
            "barRight": "",
            "displayMenu": "none",
            "hideMenuSide": false,
            "hideMenuHead": false,
            "hideMenuChildren": false
        },
        "notas-legales": {
            "typeMenu": "text",
            "iconUrl": "",
            "disable": false,
            "content": "notas-legales.html",
            "hideTitle": true,
            "breadCrumb": false,
            "metaDescription": "",
            "metaTitle": "",
            "moduleId": "",
            "modulePosition": "bottom",
            "parentPageId": "",
            "position": 0,
            "group": 0,
			"member": "allMembers",
			"memberFile": false,
            "groupEdit": 2,
            "targetBlank": false,
            "title": "Notas legales",
            "shortTitle": "Notas legales",
            "block": "12",
            "barLeft": "",
            "barRight": "",
            "displayMenu": "none",
            "hideMenuSide": false,
            "hideMenuHead": false,
            "hideMenuChildren": false
        },
        "mantenimiento-actual": {
            "typeMenu": "text",
            "iconUrl": "",
            "disable": false,
            "content": "mantenimiento-actual.html",
            "hideTitle": false,
            "breadCrumb": false,
            "metaDescription": "",
            "metaTitle": "",
            "moduleId": "",
            "modulePosition": "bottom",
            "parentPageId": "",
            "position": 0,
            "group": 0,
			"member": "allMembers",
			"memberFile": false,
            "groupEdit": 2,
            "targetBlank": false,
            "title": "Mantenimiento actual",
            "shortTitle": "Mantenimiento actual",
            "block": "12",
            "barLeft": "",
            "barRight": "",
            "displayMenu": "none",
            "hideMenuSide": true,
            "hideMenuHead": false,
            "hideMenuChildren": true
        },
        "pagina-privada": {
            "typeMenu": "text",
            "iconUrl": "",
            "disable": false,
            "content": "pagina-privada.html",
            "hideTitle": false,
            "breadCrumb": true,
            "metaDescription": "",
            "metaTitle": "",
            "moduleId": "",
            "modulePosition": "bottom",
            "parentPageId": "",
            "position": 3,
            "group": 1,
			"member": "allMembers",
			"memberFile": false,
            "groupEdit": 2,
            "targetBlank": false,
            "title": "Página privada",
            "shortTitle": "Privada",
            "block": "12",
            "barLeft": "",
            "barRight": "",
            "displayMenu": "none",
            "hideMenuSide": false,
            "hideMenuHead": false,
            "hideMenuChildren": false
        },
        "edicion": {
            "typeMenu": "text",
            "iconUrl": "",
            "disable": false,
            "content": "edicion.html",
            "hideTitle": false,
            "breadCrumb": false,
            "metaDescription": "",
            "metaTitle": "",
            "moduleId": "",
            "modulePosition": "bottom",
            "parentPageId": "",
            "position": 2,
            "group": 0,
			"member": "allMembers",
			"memberFile": false,
            "groupEdit": 2,
            "targetBlank": false,
            "title": "Edición",
            "shortTitle": "Edición",
            "block": "12",
            "barLeft": "",
            "barRight": "",
            "displayMenu": "none",
            "hideMenuSide": false,
            "hideMenuHead": false,
            "hideMenuChildren": false
        },
        "barra-lateral": {
            "typeMenu": "text",
            "iconUrl": "",
            "disable": false,
            "content": "barra-lateral.html",
            "hideTitle": false,
            "breadCrumb": true,
            "metaDescription": "",
            "metaTitle": "",
            "moduleId": "",
            "modulePosition": "bottom",
            "parentPageId": "edicion",
            "position": 1,
            "group": 0,
			"member": "allMembers",
			"memberFile": false,
            "groupEdit": 2,
            "targetBlank": false,
            "title": "Barra lateral",
            "shortTitle": "Barra lateral",
            "block": "4-8",
            "barLeft": "barra-lateral-2",
            "barRight": "",
            "displayMenu": "none",
            "hideMenuSide": false,
            "hideMenuHead": false,
            "hideMenuChildren": false
        },
        "barra-lateral-2": {
            "typeMenu": "text",
            "iconUrl": "",
            "disable": false,
            "content": "barra-lateral-2.html",
            "hideTitle": true,
            "breadCrumb": false,
            "metaDescription": "",
            "metaTitle": "",
            "moduleId": "",
            "modulePosition": "bottom",
            "parentPageId": "",
            "position": 0,
            "group": 0,
			"member": "allMembers",
			"memberFile": false,
            "groupEdit": 2,
            "targetBlank": false,
            "title": "barra lateral",
            "shortTitle": "barra lateral",
            "block": "bar",
            "barLeft": "",
            "barRight": "",
            "displayMenu": "none",
            "hideMenuSide": false,
            "hideMenuHead": false,
            "hideMenuChildren": false
        },
        "barra-lateral-con-menu": {
            "typeMenu": "text",
            "iconUrl": "",
            "disable": false,
            "content": "barra-lateral-con-menu.html",
            "hideTitle": false,
            "breadCrumb": true,
            "metaDescription": "",
            "metaTitle": "",
            "moduleId": "",
            "modulePosition": "bottom",
            "parentPageId": "edicion",
            "position": 2,
            "group": 0,
			"member": "allMembers",
			"memberFile": false,
            "groupEdit": 2,
            "targetBlank": false,
            "title": "Barra lateral con menú",
            "shortTitle": "Menú lateral",
            "block": "9-3",
            "barLeft": "",
            "barRight": "barra-lateral-con-menu-2",
            "displayMenu": "none",
            "hideMenuSide": false,
            "hideMenuHead": false,
            "hideMenuChildren": false
        },
        "barra-lateral-con-menu-2": {
            "typeMenu": "text",
            "iconUrl": "",
            "disable": false,
            "content": "barra-lateral-con-menu-2.html",
            "hideTitle": true,
            "breadCrumb": false,
            "metaDescription": "",
            "metaTitle": "",
            "moduleId": "",
            "modulePosition": "bottom",
            "parentPageId": "",
            "position": 0,
            "group": 0,
			"member": "allMembers",
			"memberFile": false,
            "groupEdit": 2,
            "targetBlank": false,
            "title": "Barra lateral con menú",
            "shortTitle": "Barra lateral con menú",
            "block": "bar",
            "barLeft": "",
            "barRight": "",
            "displayMenu": "parents",
            "hideMenuSide": false,
            "hideMenuHead": false,
            "hideMenuChildren": false
        },
        "album-de-fotos": {
            "typeMenu": "text",
            "iconUrl": "",
            "disable": false,
            "content": "album-de-fotos.html",
            "hideTitle": false,
            "breadCrumb": false,
            "metaDescription": "",
            "metaTitle": "",
            "moduleId": "album",
            "modulePosition": "bottom",
            "parentPageId": "",
            "position": 5,
            "group": 0,
			"member": "allMembers",
			"memberFile": false,
            "groupEdit": 2,
            "targetBlank": false,
            "title": "Álbum de fotos",
            "shortTitle": "Álbum",
            "block": "12",
            "barLeft": "",
            "barRight": "",
            "displayMenu": "none",
            "hideMenuSide": false,
            "hideMenuHead": false,
            "hideMenuChildren": false
        }
    }
}