{
    "locale": {
        "homePageId": "accueil",
        "page404": "erreur404",
        "page403": "erreur403",
        "page302": "erreur302",
        "legalPageId": "mentions-legales",
        "searchPageId": "recherche",
        "searchPageLabel": "Rechercher",
        "legalPageLabel": "Mentions légales",
        "sitemapPageLabel": "Plan du site",
		"visitorLabel": "Visiteur",
		"memberLabel": "Membre",
		"editorLabel": "Editeur",
		"moderatorLabel": "Modérateur",
		"administratorLabel": "Administrateur",
        "metaDescription": "Deltacms est un CMS sans base de données qui permet de créer et gérer facilement un site web sans aucune connaissance en programmation.",
        "title": "Deltacms",
		"captchaSimpleText": "Je suis un humain",
        "captchaSimpleHelp": "Cochez cette case pour prouver que vous êtes humain",
		"questionnaireAccept":  "J'accepte les conditions d'utilisation de mes données personnelles",
        "cookies": {
            "cookiesDeltaText": "Ce site utilise des cookies nécessaires à son fonctionnement, ils permettent de fluidifier son fonctionnement par exemple en mémorisant les données de connexion, la langue que vous avez choisie ou la validation de ce message.",
            "cookiesExtText": "",
            "cookiesTitleText": "Gérer les cookies",
            "cookiesLinkMlText": "Consulter  les mentions légales",
            "cookiesCheckboxExtText": "",
            "cookiesFooterText": "Cookies",
            "cookiesButtonText": "J'ai compris"
        },
		"pageComment": {
			"writeComment":  "Ecrire un commentaire",
			"commentName": "Nom ou pseudo",
			"comment": "Commentaire",
			"submit": "Envoyer",
			"link": ", le",
			"page": "Page",
			"submitted": "Commentaire soumis",
			"failed": "Echec d'envoi du commentaire"
		},		
		"menuBurger": {
            "burgerLeftIconLink": "accueil",
            "burgerCenterIconLink": "recherche"
        },
		"mandatoryText": "Saisie obligatoire",
		"impossibleText": "Impossible de soumettre le formulaire, car il contient des erreurs",
		"captchaAddition": "Additionner les chiffres"
    }
}