{
    "module": {
        "blog": {
            "config": {
                "feeds": true,
                "feedsLabel": "Syndication RSS",
                "itemsperPage": 4,
				"previewSize" : 400,
                "versionData": "7.6"
            },
            "texts": {
                "NoComment": "Pas encore de commentaire",
                "Write": "Ecrire un commentaire",
                "Name": "Nom ou pseudo",
                "Maxi": "Commentaire avec maximum",
                "Cara": "caractères",
                "Comment": "commentaire",
				"Comments": "commentaires",
                "CommentOK": "Commentaire déposé",
                "Waiting": "Commentaire déposé en attente d'approbation",
                "ArticleNoComment": "Cet article ne reçoit pas de commentaire",
                "Connection": "Connexion",
                "Edit": "Editer",
                "Cancel": "Annuler",
                "Send": "Envoyer",
                "TinymceMaxi": "Vous avez atteint le maximum de",
                "TinymceCara": "caractères restants",
                "TinymceExceed": "Vous alliez dépasser le maximum de ",
                "ReadMore": "Lire la suite",
                "Back": "Retour"
            },
            "posts": []
        },
        "deltacms": {
            "url": "https:\/\/deltacms.fr\/",
            "count": 1
        },
        "contact": {
            "config": {
                "captcha": true,
                "group": 4,
                "user": "",
                "mail": "",
                "pageId": "",
                "subject": "",
                "replyto": false,
                "signature": "text",
                "logoUrl": "",
                "logoWidth": "40",
                "maxSizeUpload": "1000000",
                "versionData": "6.6",
                "uploadJpg": true,
                "uploadPng": true,
                "uploadPdf": false,
                "uploadZip": false,
                "uploadTxt": false,
				"rgpdCheck": false,
				"trustLimit": "80"
			},
			"texts": {
				"button": "Envoyer",
				"wrongCaptcha": "Captcha incorrect",
				"formSubmitted": "Formulaire soumis",
				"notImage": "La pièce jointe n'est pas une image",
				"sizeExceeds": "La taille du fichier excède",
				"notAllowed": "Ce type de fichier n'est pas autorisé",
				"errorUploading": "Erreur pendant le téléversement du fichier",
				"notPdf": "La pièce jointe n'est pas un document pdf",
				"notZip": "La pièce jointe n'est pas un document zip",
				"fillCaptcha": " Renseignez le Captcha ",
				"noTrust": "Vous n'êtes pas autorisé à émettre un courriel"
            },
            "data": [],
            "input": [
                {
                    "name": "Adresse mail",
                    "position": 1,
                    "required": true,
                    "type": "mail",
                    "values": ""
                },
                {
                    "name": "Sujet",
                    "position": 2,
                    "required": true,
                    "type": "text",
                    "values": ""
                },
                {
                    "name": "Message",
                    "position": 3,
                    "required": true,
                    "type": "textarea",
                    "values": ""
                },
                {
                    "name": "Pièce jointe",
                    "position": 4,
                    "required": false,
                    "type": "file",
                    "values": ""
                }
            ],
            "draft": ""
        },
        "erreur404": {
            "config": {
                "previewLength": 100,
                "resultHideContent": false,
                "placeHolder": "Un ou plusieurs mots-clés",
                "submitText": "Rechercher",
                "versionData": "3.8",
                "nearWordText": "Mots approchants",
                "successTitle": "Résultat de votre recherche",
                "failureTitle": "Aucun résultat",
                "commentFailureTitle": "Avez-vous pensé aux accents",
				"commentMatch": "correspondance",
				"commentMatches": "correspondances"
            },
            "theme": {
                "keywordColor": "rgba(229, 229, 1, 1)",
                "style": "site\/data\/search\/erreur404\/theme.css"
            }
        },
        "album-photo": {
            "toc-toc": {
                "config": {
                    "name": "Toc toc",
                    "directory": "site\/file\/source\/galerie\/toctoc",
                    "homePicture": "a.jpg",
                    "sort": "SORT_ASC",
                    "position": 0
                },
                "legend": {
                    "ajpg": "",
                    "bjpg": "",
                    "cjpg": ""
                },
                "order": []
            },
            "geolocalisation": {
                "config": {
                    "name": "Géolocalisation",
                    "directory": "site\/file\/source\/galerie\/geotag",
                    "homePicture": "estaens_2.jpg",
                    "sort": "SORT_ASC",
                    "position": 3
                },
                "legend": {
                    "estaens_1jpg": "",
                    "estaens_2jpg": "",
                    "estaens_3jpg": ""
                },
                "order": []
            },
            "config": {
                "versionData": "5.2",
				"texts": {
					"backButton": "Retour",
					"geolocation": "Géolocalisation",
					"noAlbum": "Aucun album"
				}
            }
        },
        "recherche": {
            "config": {
                "previewLength": 100,
                "resultHideContent": false,
                "placeHolder": "Un ou plusieurs mots-clés",
                "submitText": "Rechercher",
                "versionData": "3.8",
                "nearWordText": "Mots approchants",
                "successTitle": "Résultat de votre recherche",
                "failureTitle": "Aucun résultat",
                "commentFailureTitle": "Avez-vous pensé aux accents ?",
				"commentMatch": "correspondance",
				"commentMatches": "correspondances"
            },
            "theme": {
                "keywordColor": "rgba(229, 229, 1, 1)",
                "style": "site\/data\/search\/recherche\/theme.css"
            }
        }
    }
}