{
    "page": {
        "accueil": {
            "typeMenu": "text",
            "iconUrl": "",
            "disable": false,
            "content": "accueil.html",
            "hideTitle": true,
            "breadCrumb": false,
            "metaDescription": "",
            "metaTitle": "",
            "moduleId": "",
            "modulePosition": "bottom",
            "parentPageId": "",
            "position": 1,
            "group": 0,
			"member": "allMembers",
			"memberFile": false,
            "groupEdit": 2,
            "targetBlank": false,
            "title": "Accueil",
            "shortTitle": "Accueil",
            "block": "12",
            "barLeft": "",
            "barRight": "",
            "displayMenu": "none",
            "hideMenuSide": false,
            "hideMenuHead": false,
            "hideMenuChildren": false
        },
        "privee": {
            "typeMenu": "text",
            "iconUrl": "",
            "disable": false,
            "content": "privee.html",
            "hideTitle": false,
            "breadCrumb": true,
            "metaDescription": "",
            "metaTitle": "",
            "moduleId": "",
            "parentPageId": "",
            "modulePosition": "bottom",
            "position": 3,
            "group": 1,
			"member": "allMembers",
			"memberFile": false,
            "groupEdit": 2,
            "targetBlank": false,
            "title": "Page privée",
            "shortTitle": "Privée",
            "block": "12",
            "barLeft": "",
            "barRight": "",
            "displayMenu": "none",
            "hideMenuSide": false,
            "hideMenuChildren": false
        },
        "menu-lateral": {
            "typeMenu": "text",
            "iconUrl": "",
            "disable": false,
            "content": "menu-lateral.html",
            "hideTitle": false,
            "breadCrumb": true,
            "metaDescription": "",
            "metaTitle": "",
            "moduleId": "",
            "modulePosition": "bottom",
            "parentPageId": "edition",
            "position": 2,
            "group": 0,
			"member": "allMembers",
			"memberFile": false,
            "groupEdit": 2,
            "targetBlank": false,
            "title": "Barre latérale avec menu",
            "shortTitle": "Menu latéral",
            "block": "9-3",
            "barLeft": "",
            "barRight": "barrelateraleavecmenu",
            "displayMenu": "none",
            "hideMenuSide": false,
            "hideMenuHead": false,
            "hideMenuChildren": false
        },
        "blog": {
            "typeMenu": "text",
            "iconUrl": "",
            "disable": false,
            "content": "blog.html",
            "hideTitle": false,
            "breadCrumb": false,
            "metaDescription": "",
            "metaTitle": "",
            "moduleId": "blog",
            "modulePosition": "bottom",
            "parentPageId": "",
            "position": 4,
            "group": 0,
			"member": "allMembers",
			"memberFile": false,
            "groupEdit": 2,
            "targetBlank": false,
            "title": "Blog",
            "shortTitle": "Blog",
            "block": "12",
            "barLeft": "",
            "barRight": "",
            "displayMenu": "none",
            "hideMenuSide": false,
            "hideMenuChildren": false
        },
        "deltacms": {
            "typeMenu": "text",
            "iconUrl": "",
            "disable": false,
            "content": "deltacms.html",
            "hideTitle": false,
            "breadCrumb": false,
            "metaDescription": "",
            "metaTitle": "",
            "moduleId": "redirection",
            "modulePosition": "bottom",
            "parentPageId": "",
            "position": 5,
            "group": 0,
			"member": "allMembers",
			"memberFile": false,
            "groupEdit": 2,
            "targetBlank": true,
            "title": "Deltacms",
            "shortTitle": "Deltacms",
            "block": "12",
            "barLeft": "",
            "barRight": "",
            "displayMenu": "none",
            "hideMenuSide": false,
            "hideMenuChildren": false
        },
        "contact": {
            "typeMenu": "text",
            "iconUrl": "",
            "disable": false,
            "content": "contact.html",
            "hideTitle": false,
            "breadCrumb": false,
            "metaDescription": "",
            "metaTitle": "",
            "moduleId": "form",
            "modulePosition": "bottom",
            "parentPageId": "",
            "position": 7,
            "group": 0,
			"member": "allMembers",
			"memberFile": false,
            "groupEdit": 2,
            "targetBlank": false,
            "title": "Contact",
            "shortTitle": "Contact",
            "block": "12",
            "barLeft": "",
            "barRight": "",
            "displayMenu": "none",
            "hideMenuSide": false,
            "hideMenuHead": false,
            "hideMenuChildren": false
        },
        "barre": {
            "typeMenu": "text",
            "iconUrl": "",
            "disable": false,
            "content": "barre.html",
            "hideTitle": false,
            "breadCrumb": false,
            "metaDescription": "",
            "metaTitle": "",
            "moduleId": "",
            "modulePosition": "bottom",
            "parentPageId": "",
            "position": 0,
            "group": 0,
			"member": "allMembers",
			"memberFile": false,
            "groupEdit": 2,
            "targetBlank": false,
            "title": "Barre latérale",
            "shortTitle": "Barre latérale",
            "block": "bar",
            "barLeft": "",
            "barRight": "",
            "displayMenu": "none",
            "hideMenuSide": false,
            "hideMenuChildren": false
        },
        "barrelateraleavecmenu": {
            "typeMenu": "text",
            "iconUrl": "",
            "disable": false,
            "content": "barrelateraleavecmenu.html",
            "hideTitle": false,
            "breadCrumb": false,
            "metaDescription": "",
            "metaTitle": "",
            "moduleId": "",
            "modulePosition": "bottom",
            "parentPageId": "",
            "position": 0,
            "group": 0,
			"member": "allMembers",
			"memberFile": false,
            "groupEdit": 2,
            "targetBlank": false,
            "title": "Barre latérale avec menu",
            "shortTitle": "Barre latérale avec menu",
            "block": "bar",
            "barLeft": "",
            "barRight": "",
            "displayMenu": "parents",
            "hideMenuSide": false,
            "hideMenuChildren": false
        },
        "mentions-legales": {
            "typeMenu": "text",
            "iconUrl": "",
            "disable": false,
            "content": "mentions-legales.html",
            "hideTitle": true,
            "breadCrumb": false,
            "metaDescription": "",
            "metaTitle": "Mentions Légales",
            "moduleId": "",
            "modulePosition": "bottom",
            "parentPageId": "",
            "position": 0,
            "group": 0,
			"member": "allMembers",
			"memberFile": false,
            "groupEdit": 2,
            "targetBlank": false,
            "title": "Mentions légales",
            "shortTitle": "Mentions légales",
            "block": "12",
            "barLeft": "",
            "barRight": "",
            "displayMenu": "none",
            "hideMenuSide": false,
            "hideMenuHead": false,
            "hideMenuChildren": false
        },
        "erreur302": {
            "typeMenu": "text",
            "iconUrl": "",
            "disable": false,
            "content": "erreur302.html",
            "hideTitle": false,
            "breadCrumb": false,
            "metaDescription": "",
            "metaTitle": "",
            "moduleId": "",
            "modulePosition": "",
            "parentPageId": "",
            "position": 0,
            "group": 0,
			"member": "allMembers",
			"memberFile": false,
            "groupEdit": 2,
            "targetBlank": false,
            "title": "Maintenance en cours",
            "shortTitle": "Maintenance en cours",
            "block": "12",
            "barLeft": "",
            "barRight": "",
            "displayMenu": "none",
            "hideMenuSide": true,
            "hideMenuHead": true,
            "hideMenuChildren": true
        },
        "erreur403": {
            "typeMenu": "text",
            "iconUrl": "",
            "disable": false,
            "content": "erreur403.html",
            "hideTitle": false,
            "breadCrumb": false,
            "metaDescription": "",
            "metaTitle": "",
            "moduleId": "",
            "modulePosition": "bottom",
            "parentPageId": "",
            "position": 0,
            "group": 0,
			"member": "allMembers",
			"memberFile": false,
            "groupEdit": 2,
            "targetBlank": false,
            "title": "Erreur 403",
            "shortTitle": "Erreur 403",
            "block": "12",
            "barLeft": "",
            "barRight": "",
            "displayMenu": "none",
            "hideMenuSide": false,
            "hideMenuChildren": false
        },
        "erreur404": {
            "typeMenu": "text",
            "iconUrl": "",
            "disable": false,
            "content": "erreur404.html",
            "hideTitle": false,
            "breadCrumb": false,
            "metaDescription": "",
            "metaTitle": "",
            "moduleId": "search",
            "modulePosition": "bottom",
            "parentPageId": "",
            "position": 0,
            "group": 0,
			"member": "allMembers",
			"memberFile": false,
            "groupEdit": 2,
            "targetBlank": false,
            "title": "Erreur 404",
            "shortTitle": "Erreur 404",
            "block": "12",
            "barLeft": "",
            "barRight": "",
            "displayMenu": "none",
            "hideMenuSide": false,
            "hideMenuChildren": false
        },
        "recherche": {
            "typeMenu": "icon",
            "iconUrl": "icones\/loupe.png",
            "disable": false,
            "content": "recherche.html",
            "hideTitle": true,
            "breadCrumb": false,
            "metaDescription": "",
            "metaTitle": "",
            "moduleId": "search",
            "modulePosition": "bottom",
            "parentPageId": "",
            "position": 8,
            "group": 0,
			"member": "allMembers",
			"memberFile": false,
            "groupEdit": 2,
            "targetBlank": false,
            "title": "Recherche dans le site",
            "shortTitle": "Rechercher",
            "block": "12",
            "barLeft": "",
            "barRight": "",
            "displayMenu": "none",
            "hideMenuSide": false,
            "hideMenuChildren": false
        },
        "barre-laterale": {
            "typeMenu": "text",
            "iconUrl": "",
            "disable": false,
            "content": "barre-laterale.html",
            "hideTitle": false,
            "breadCrumb": true,
            "metaDescription": "",
            "metaTitle": "",
            "moduleId": "",
            "modulePosition": "bottom",
            "parentPageId": "edition",
            "position": 1,
            "group": 0,
			"member": "allMembers",
			"memberFile": false,
            "groupEdit": 2,
            "targetBlank": false,
            "title": "Barre latérale",
            "shortTitle": "Barre latérale",
            "block": "4-8",
            "barLeft": "barre",
            "barRight": "",
            "displayMenu": "none",
            "hideMenuSide": false,
            "hideMenuHead": false,
            "hideMenuChildren": false
        },
        "edition": {
            "typeMenu": "text",
            "iconUrl": "",
            "disable": false,
            "content": "edition.html",
            "hideTitle": false,
            "breadCrumb": true,
            "metaDescription": "",
            "metaTitle": "",
            "moduleId": "",
            "modulePosition": "bottom",
            "parentPageId": "",
            "position": 2,
            "group": 0,
			"member": "allMembers",
			"memberFile": false,
            "groupEdit": 2,
            "targetBlank": false,
            "title": "Edition",
            "shortTitle": "Edition",
            "block": "12",
            "barLeft": "",
            "barRight": "",
            "displayMenu": "none",
            "hideMenuSide": false,
            "hideMenuHead": false,
            "hideMenuChildren": false
        },
        "album-photo": {
            "typeMenu": "text",
            "iconUrl": "",
            "disable": false,
            "content": "album-photo.html",
            "hideTitle": false,
            "breadCrumb": false,
            "metaDescription": "",
            "metaTitle": "",
            "moduleId": "album",
            "modulePosition": "bottom",
            "parentPageId": "",
            "position": 6,
            "group": 0,
			"member": "allMembers",
			"memberFile": false,
            "groupEdit": 2,
            "targetBlank": false,
            "title": "Album photo",
            "shortTitle": "Album",
            "block": "12",
            "barLeft": "",
            "barRight": "",
            "displayMenu": "none",
            "hideMenuSide": false,
            "hideMenuHead": false,
            "hideMenuChildren": false
        }
    }
}